name;value
"IPHONE 11 PRETO, TELA DE 6,1"", 4G, 64 GB E CÂMERA DE 12 MP";R$4.534,92
Iphone 11 Apple (product) Vermelho, 128gb Desbloqueado - Mwm32br/a;R$4.820,58
Iphone 11 Pro Max Apple Prata, 256gb Desbloqueado - Mwhk2bz/a;R$7.999,00
Iphone 11 Pro Apple Verde meia-noite, 256gb Desbloqueado - Mwcc2bz/a;R$7.365,00
"iPhone SE 64GB Black Novo Desbloqueado Tela 4,7"" Apple";R$3.649,90
Xiaomi Redmi Note 9 128GB 4GB RAM - Versão Global - Midnight Grey;"
Mais vendido
"
Celular Apple iPhone 11 Pro 64gb / Tela 5.8'' / 12MP / iOS 13;R$7.398,98
"IPHONE 11 VERMELHO, TELA DE 6,1"", 4G, 64 GB E CÂMERA DE 12 MP";R$4.690,98
Iphone 11 Pro Apple Dourado, 256gb Desbloqueado - Mwc92bz/a;R$7.399,00
iPhone 6s Plus 32GB Cinza Espacial;R$2.590,55
Iphone Se Apple Branco, 256gb Desbloqueado - Mxvu2bz/a;R$3.874,98
Iphone Se Apple Preto, 256gb Desbloqueado - Mxvt2bz/a;R$3.874,98
"iPhone 6S, Apple, MN122BR/A, 32 GB, 4.7"", Rose/Dourado, Apple, IPHONE 6S MN122BR/A, 32 GB, 4.7'', Rose/Dourado";R$2.249,99
Smartphone, Apple, iPhone 7 MN8X2BR/A, 32 GB, 4.7'', Preto Fosco;R$2.279,00
Iphone Xs Max 64Gb Dourado;R$5.999,90
iPhone 6s Apple 16GB 4G Tela Retina 4.7  A9 iOS 9 CÃ¢mera iSight 12 MP MKQJ2BR/A Cinza Espacial;R$1.699,00
Iphone Se Apple Branco, 128gb Desbloqueado - Mxd12bz/a;R$3.414,28
